sample_id,MSI_SENSOR_SCORE,MSI_SCORE_MANTIS,msi_binary
TCGA-3L-AA1B-01,0.05,0.3057,MSS
TCGA-4N-A93T-01,0.69,0.3317,MSS
TCGA-4T-AA8H-01,0.17,0.3144,MSS
TCGA-5M-AAT4-01,0.55,0.3232,MSS
TCGA-5M-AAT5-01,0.35,0.3131,MSS
TCGA-5M-AAT6-01,20.58,0.66,MSI-H
TCGA-5M-AATA-01,0.08,0.3123,MSS
TCGA-5M-AATE-01,0.47,0.3252,MSS
TCGA-A6-2671-01,0.37,0.35,MSS
TCGA-A6-2672-01,31.87,0.9618,MSI-H
TCGA-A6-2674-01,0.02,0.4577,MSS
TCGA-A6-2675-01,0.05,0.363,MSS
TCGA-A6-2676-01,17.34,,MSI-H
TCGA-A6-2677-01,0.0,0.319,MSS
TCGA-A6-2678-01,0.64,0.36,MSS
TCGA-A6-2679-01,0.19,0.3403,MSS
TCGA-A6-2680-01,,0.3468,
TCGA-A6-2681-01,0.13,0.3456,MSS
TCGA-A6-2682-01,,0.3444,
TCGA-A6-2683-01,1.46,0.3644,MSS
TCGA-A6-2684-01,14.49,0.4665,MSI-H
TCGA-A6-2685-01,0.0,0.3571,MSS
TCGA-A6-2686-01,41.35,1.2375,MSI-H
TCGA-A6-3807-01,1.24,0.4215,MSS
TCGA-A6-3808-01,0.62,0.406,MSS
TCGA-A6-3809-01,36.48,0.9595,MSI-H
TCGA-A6-3810-01,1.08,0.3137,MSS
TCGA-A6-4105-01,0.3,0.3528,MSS
TCGA-A6-4107-01,0.01,0.3809,MSS
TCGA-A6-5656-01,15.42,0.3197,MSI-H
TCGA-A6-5657-01,0.13,0.3201,MSS
TCGA-A6-5659-01,1.0,0.4614,MSS
TCGA-A6-5660-01,0.73,0.3322,MSS
TCGA-A6-5661-01,33.38,,MSI-H
TCGA-A6-5662-01,1.0,,MSS
TCGA-A6-5664-01,0.0,0.4019,MSS
TCGA-A6-5665-01,46.78,1.1824,MSI-H
TCGA-A6-5666-01,1.0,0.3139,MSS
TCGA-A6-5667-01,1.11,0.3604,MSS
TCGA-A6-6137-01,0.08,0.3386,MSS
TCGA-A6-6138-01,0.22,0.3495,MSS
TCGA-A6-6140-01,,0.3659,
TCGA-A6-6141-01,0.01,0.3495,MSS
TCGA-A6-6142-01,0.07,0.3596,MSS
TCGA-A6-6648-01,0.52,0.3926,MSS
TCGA-A6-6649-01,0.19,0.4012,MSS
TCGA-A6-6650-01,2.26,0.466,MSS
TCGA-A6-6651-01,0.08,0.3785,MSS
TCGA-A6-6652-01,0.3,0.3866,MSS
TCGA-A6-6653-01,33.02,1.0708,MSI-H
TCGA-A6-6654-01,0.07,0.3351,MSS
TCGA-A6-6780-01,37.25,1.1071,MSI-H
TCGA-A6-6781-01,25.58,0.771,MSI-H
TCGA-A6-6782-01,0.0,0.3922,MSS
TCGA-A6-A565-01,0.41,0.3972,MSS
TCGA-A6-A566-01,0.0,0.2956,MSS
TCGA-A6-A567-01,0.07,0.2929,MSS
TCGA-A6-A56B-01,0.22,0.3073,MSS
TCGA-A6-A5ZU-01,2.59,,MSS
TCGA-AA-3488-01,,0.3711,
TCGA-AA-3489-01,0.0,0.3996,MSS
TCGA-AA-3492-01,35.82,1.2602,MSI-H
TCGA-AA-3494-01,,0.3581,
TCGA-AA-3495-01,,0.3588,
TCGA-AA-3496-01,0.4,0.4517,MSS
TCGA-AA-3502-01,0.19,0.3387,MSS
TCGA-AA-3506-01,0.03,0.3453,MSS
TCGA-AA-3509-01,,,
TCGA-AA-3510-01,0.0,0.341,MSS
TCGA-AA-3511-01,0.06,0.391,MSS
TCGA-AA-3514-01,1.1,0.3123,MSS
TCGA-AA-3517-01,0.26,0.3204,MSS
TCGA-AA-3518-01,4.34,,MSS
TCGA-AA-3519-01,0.69,0.3647,MSS
TCGA-AA-3520-01,1.72,0.3835,MSS
TCGA-AA-3521-01,2.03,0.3496,MSS
TCGA-AA-3522-01,0.05,0.3234,MSS
TCGA-AA-3524-01,0.1,0.3154,MSS
TCGA-AA-3525-01,11.72,,MSI-H
TCGA-AA-3526-01,1.33,0.3851,MSS
TCGA-AA-3527-01,2.03,0.3161,MSS
TCGA-AA-3529-01,0.66,0.4301,MSS
TCGA-AA-3530-01,0.4,0.3164,MSS
TCGA-AA-3531-01,0.86,0.3268,MSS
TCGA-AA-3532-01,1.6,0.3244,MSS
TCGA-AA-3534-01,0.16,0.3252,MSS
TCGA-AA-3538-01,0.0,0.3368,MSS
TCGA-AA-3542-01,0.0,,MSS
TCGA-AA-3543-01,4.56,,MSS
TCGA-AA-3544-01,0.0,0.3291,MSS
TCGA-AA-3548-01,0.04,0.3218,MSS
TCGA-AA-3549-01,0.0,0.2966,MSS
TCGA-AA-3552-01,0.04,,MSS
TCGA-AA-3553-01,0.0,,MSS
TCGA-AA-3555-01,0.05,,MSS
TCGA-AA-3560-01,0.03,0.3648,MSS
TCGA-AA-3561-01,0.27,0.3413,MSS
TCGA-AA-3655-01,0.2,0.3473,MSS
TCGA-AA-3660-01,0.3,0.3366,MSS
TCGA-AA-3662-01,,,
TCGA-AA-3663-01,41.51,1.2565,MSI-H
TCGA-AA-3664-01,0.79,0.2631,MSS
TCGA-AA-3666-01,1.17,0.2807,MSS
TCGA-AA-3667-01,0.71,0.2649,MSS
TCGA-AA-3673-01,0.51,0.284,MSS
TCGA-AA-3675-01,0.31,0.2618,MSS
TCGA-AA-3678-01,0.65,0.2741,MSS
TCGA-AA-3679-01,0.41,0.2575,MSS
TCGA-AA-3680-01,0.33,0.2615,MSS
TCGA-AA-3681-01,0.52,0.263,MSS
TCGA-AA-3684-01,0.09,0.2513,MSS
TCGA-AA-3685-01,0.49,0.2703,MSS
TCGA-AA-3688-01,1.27,0.3017,MSS
TCGA-AA-3692-01,0.31,0.2721,MSS
TCGA-AA-3693-01,1.09,0.2829,MSS
TCGA-AA-3695-01,0.65,0.2817,MSS
TCGA-AA-3696-01,0.4,0.2665,MSS
TCGA-AA-3697-01,,,
TCGA-AA-3710-01,31.62,0.8652,MSI-H
TCGA-AA-3712-01,0.53,0.3407,MSS
TCGA-AA-3713-01,26.26,0.8168,MSI-H
TCGA-AA-3715-01,44.26,1.092,MSI-H
TCGA-AA-3811-01,38.84,1.1337,MSI-H
TCGA-AA-3812-01,0.18,0.2659,MSS
TCGA-AA-3814-01,0.35,0.2754,MSS
TCGA-AA-3815-01,,,
TCGA-AA-3818-01,0.57,0.268,MSS
TCGA-AA-3819-01,0.25,0.261,MSS
TCGA-AA-3821-01,30.92,0.942,MSI-H
TCGA-AA-3831-01,1.61,0.276,MSS
TCGA-AA-3833-01,27.18,0.9553,MSI-H
TCGA-AA-3837-01,0.82,0.2784,MSS
TCGA-AA-3841-01,0.79,0.2896,MSS
TCGA-AA-3842-01,0.68,0.3246,MSS
TCGA-AA-3844-01,0.87,0.3264,MSS
TCGA-AA-3845-01,30.53,0.9169,MSI-H
TCGA-AA-3846-01,0.67,0.3293,MSS
TCGA-AA-3848-01,0.66,0.2571,MSS
TCGA-AA-3850-01,0.07,0.3018,MSS
TCGA-AA-3851-01,0.43,0.3204,MSS
TCGA-AA-3852-01,0.32,0.2731,MSS
TCGA-AA-3854-01,0.89,0.2733,MSS
TCGA-AA-3855-01,0.11,0.3187,MSS
TCGA-AA-3856-01,0.3,0.2645,MSS
TCGA-AA-3858-01,0.37,0.2586,MSS
TCGA-AA-3861-01,,,
TCGA-AA-3862-01,,,
TCGA-AA-3864-01,23.86,0.8915,MSI-H
TCGA-AA-3866-01,0.43,0.3267,MSS
TCGA-AA-3867-01,0.42,0.3148,MSS
TCGA-AA-3869-01,0.67,0.4048,MSS
TCGA-AA-3870-01,0.6,0.3807,MSS
TCGA-AA-3872-01,1.08,0.3976,MSS
TCGA-AA-3875-01,0.14,0.2689,MSS
TCGA-AA-3877-01,32.33,0.8655,MSI-H
TCGA-AA-3930-01,0.43,0.3672,MSS
TCGA-AA-3939-01,1.02,0.36,MSS
TCGA-AA-3941-01,1.05,0.3682,MSS
TCGA-AA-3947-01,40.0,1.2515,MSI-H
TCGA-AA-3949-01,24.11,0.751,MSI-H
TCGA-AA-3950-01,25.38,0.75,MSI-H
TCGA-AA-3952-01,0.43,0.3274,MSS
TCGA-AA-3955-01,0.16,0.3279,MSS
TCGA-AA-3956-01,0.16,0.3246,MSS
TCGA-AA-3966-01,43.67,1.296,MSI-H
TCGA-AA-3968-01,0.22,0.331,MSS
TCGA-AA-3970-01,,,
TCGA-AA-3971-01,0.49,0.3362,MSS
TCGA-AA-3973-01,0.47,0.3291,MSS
TCGA-AA-3975-01,0.21,0.3404,MSS
TCGA-AA-3976-01,0.3,0.3308,MSS
TCGA-AA-3977-01,0.37,0.3545,MSS
TCGA-AA-3979-01,1.51,0.3186,MSS
TCGA-AA-3980-01,0.38,0.3103,MSS
TCGA-AA-3982-01,0.06,0.3356,MSS
TCGA-AA-3984-01,0.14,0.3334,MSS
TCGA-AA-3986-01,0.09,0.3248,MSS
TCGA-AA-3989-01,0.19,0.3311,MSS
TCGA-AA-3994-01,0.99,0.2838,MSS
TCGA-AA-A004-01,0.84,0.2846,MSS
TCGA-AA-A00A-01,7.51,,MSS
TCGA-AA-A00D-01,0.0,,MSS
TCGA-AA-A00E-01,14.23,,MSI-H
TCGA-AA-A00F-01,0.07,,MSS
TCGA-AA-A00J-01,11.59,,MSI-H
TCGA-AA-A00K-01,0.41,,MSS
TCGA-AA-A00L-01,0.0,,MSS
TCGA-AA-A00N-01,32.47,0.3279,MSI-H
TCGA-AA-A00O-01,1.05,0.2697,MSS
TCGA-AA-A00Q-01,0.0,,MSS
TCGA-AA-A00R-01,12.68,,MSI-H
TCGA-AA-A00U-01,0.03,,MSS
TCGA-AA-A00W-01,0.0,,MSS
TCGA-AA-A00Z-01,0.0,0.3206,MSS
TCGA-AA-A010-01,4.19,0.3765,MSS
TCGA-AA-A017-01,1.19,0.28,MSS
TCGA-AA-A01C-01,0.1,0.2539,MSS
TCGA-AA-A01D-01,0.71,0.2695,MSS
TCGA-AA-A01F-01,0.03,,MSS
TCGA-AA-A01G-01,0.0,,MSS
TCGA-AA-A01I-01,0.87,0.2695,MSS
TCGA-AA-A01K-01,1.3,0.2795,MSS
TCGA-AA-A01P-01,20.7,0.6789,MSI-H
TCGA-AA-A01Q-01,5.43,,MSS
TCGA-AA-A01R-01,22.57,0.7418,MSI-H
TCGA-AA-A01S-01,0.6,0.325,MSS
TCGA-AA-A01T-01,1.26,0.3369,MSS
TCGA-AA-A01V-01,0.31,0.3163,MSS
TCGA-AA-A01X-01,0.38,0.3184,MSS
TCGA-AA-A01Z-01,0.42,0.3259,MSS
TCGA-AA-A022-01,43.0,1.1662,MSI-H
TCGA-AA-A024-01,0.75,0.2567,MSS
TCGA-AA-A029-01,2.01,0.2837,MSS
TCGA-AA-A02E-01,1.66,0.2544,MSS
TCGA-AA-A02F-01,1.83,0.2783,MSS
TCGA-AA-A02H-01,2.03,0.2874,MSS
TCGA-AA-A02J-01,0.54,0.2836,MSS
TCGA-AA-A02K-01,,,
TCGA-AA-A02O-01,0.48,0.3293,MSS
TCGA-AA-A02R-01,32.62,1.2923,MSI-H
TCGA-AA-A02W-01,0.77,0.2652,MSS
TCGA-AA-A02Y-01,0.38,0.3389,MSS
TCGA-AA-A03F-01,0.22,0.3075,MSS
TCGA-AA-A03J-01,0.22,0.3238,MSS
TCGA-AD-5900-01,36.46,0.9101,MSI-H
TCGA-AD-6548-01,0.02,0.4334,MSS
TCGA-AD-6888-01,0.13,0.3466,MSS
TCGA-AD-6889-01,40.44,1.3414,MSI-H
TCGA-AD-6890-01,0.03,0.3483,MSS
TCGA-AD-6895-01,23.11,0.8416,MSI-H
TCGA-AD-6899-01,0.07,0.355,MSS
TCGA-AD-6901-01,0.18,0.3533,MSS
TCGA-AD-6963-01,0.02,0.3442,MSS
TCGA-AD-6964-01,18.65,0.7365,MSI-H
TCGA-AD-6965-01,0.33,0.3643,MSS
TCGA-AD-A5EJ-01,22.4,1.0934,MSI-H
TCGA-AD-A5EK-01,0.32,0.2808,MSS
TCGA-AM-5820-01,1.64,0.3465,MSS
TCGA-AM-5821-01,30.25,0.8795,MSI-H
TCGA-AU-3779-01,0.29,0.3365,MSS
TCGA-AU-6004-01,27.82,0.8424,MSI-H
TCGA-AY-4070-01,0.78,0.2687,MSS
TCGA-AY-4071-01,1.3,0.2716,MSS
TCGA-AY-5543-01,0.61,0.3374,MSS
TCGA-AY-6196-01,0.23,0.3602,MSS
TCGA-AY-6197-01,31.61,0.965,MSI-H
TCGA-AY-6386-01,0.27,0.327,MSS
TCGA-AY-A54L-01,0.39,0.2932,MSS
TCGA-AY-A69D-01,0.21,0.3161,MSS
TCGA-AY-A71X-01,0.22,0.3062,MSS
TCGA-AY-A8YK-01,0.32,0.3268,MSS
TCGA-AZ-4308-01,0.11,0.363,MSS
TCGA-AZ-4313-01,,0.7225,
TCGA-AZ-4315-01,0.67,0.3429,MSS
TCGA-AZ-4323-01,0.05,0.426,MSS
TCGA-AZ-4614-01,0.94,0.3773,MSS
TCGA-AZ-4615-01,33.79,1.0327,MSI-H
TCGA-AZ-4616-01,0.79,0.3171,MSS
TCGA-AZ-4681-01,0.02,0.3537,MSS
TCGA-AZ-4682-01,0.13,0.367,MSS
TCGA-AZ-4684-01,,0.3572,
TCGA-AZ-5403-01,0.27,0.3101,MSS
TCGA-AZ-5407-01,0.46,0.3611,MSS
TCGA-AZ-6598-01,43.27,1.3777,MSI-H
TCGA-AZ-6599-01,0.14,0.3766,MSS
TCGA-AZ-6600-01,0.46,0.3613,MSS
TCGA-AZ-6601-01,,,
TCGA-AZ-6603-01,0.35,0.3686,MSS
TCGA-AZ-6605-01,0.02,0.3467,MSS
TCGA-AZ-6606-01,0.2,0.3623,MSS
TCGA-AZ-6607-01,0.0,0.354,MSS
TCGA-AZ-6608-01,,,
TCGA-CA-5254-01,0.53,0.3896,MSS
TCGA-CA-5255-01,0.07,0.3805,MSS
TCGA-CA-5256-01,0.07,0.3522,MSS
TCGA-CA-5796-01,0.15,0.3604,MSS
TCGA-CA-5797-01,0.61,0.3554,MSS
TCGA-CA-6715-01,0.11,0.3669,MSS
TCGA-CA-6716-01,0.56,0.3773,MSS
TCGA-CA-6717-01,0.01,0.3653,MSS
TCGA-CA-6718-01,0.0,0.3722,MSS
TCGA-CA-6719-01,0.24,0.3645,MSS
TCGA-CK-4947-01,0.07,0.3269,MSS
TCGA-CK-4948-01,0.22,0.3486,MSS
TCGA-CK-4950-01,0.31,0.3697,MSS
TCGA-CK-4951-01,21.62,0.7849,MSI-H
TCGA-CK-4952-01,0.29,0.3926,MSS
TCGA-CK-5912-01,1.79,0.3783,MSS
TCGA-CK-5913-01,32.98,0.9213,MSI-H
TCGA-CK-5914-01,1.56,0.3446,MSS
TCGA-CK-5915-01,0.29,0.3162,MSS
TCGA-CK-5916-01,35.2,0.9208,MSI-H
TCGA-CK-6746-01,36.05,1.1685,MSI-H
TCGA-CK-6747-01,0.64,0.3727,MSS
TCGA-CK-6748-01,0.22,0.3564,MSS
TCGA-CK-6751-01,0.05,0.3583,MSS
TCGA-CM-4743-01,23.82,0.8182,MSI-H
TCGA-CM-4744-01,0.03,0.3613,MSS
TCGA-CM-4746-01,21.49,0.8512,MSI-H
TCGA-CM-4747-01,0.01,0.3787,MSS
TCGA-CM-4748-01,0.04,0.365,MSS
TCGA-CM-4750-01,0.18,0.3583,MSS
TCGA-CM-4751-01,0.0,0.3606,MSS
TCGA-CM-4752-01,0.02,0.3498,MSS
TCGA-CM-5341-01,0.0,0.3524,MSS
TCGA-CM-5344-01,0.47,0.3396,MSS
TCGA-CM-5348-01,0.56,0.3321,MSS
TCGA-CM-5349-01,0.0,0.3249,MSS
TCGA-CM-5860-01,0.54,0.3393,MSS
TCGA-CM-5861-01,34.37,0.9692,MSI-H
TCGA-CM-5862-01,1.45,0.3545,MSS
TCGA-CM-5863-01,0.0,0.3973,MSS
TCGA-CM-5864-01,0.53,0.3329,MSS
TCGA-CM-5868-01,0.89,0.3403,MSS
TCGA-CM-6161-01,0.25,0.3145,MSS
TCGA-CM-6162-01,29.11,0.8773,MSI-H
TCGA-CM-6163-01,0.07,0.3345,MSS
TCGA-CM-6164-01,0.05,0.3277,MSS
TCGA-CM-6165-01,0.1,0.3145,MSS
TCGA-CM-6166-01,0.33,0.3171,MSS
TCGA-CM-6167-01,0.06,0.3157,MSS
TCGA-CM-6168-01,1.02,0.4083,MSS
TCGA-CM-6169-01,0.78,0.3404,MSS
TCGA-CM-6170-01,0.21,0.3219,MSS
TCGA-CM-6171-01,43.0,1.1813,MSI-H
TCGA-CM-6172-01,0.16,0.3388,MSS
TCGA-CM-6674-01,21.08,0.7398,MSI-H
TCGA-CM-6675-01,0.38,0.357,MSS
TCGA-CM-6676-01,0.05,0.353,MSS
TCGA-CM-6677-01,0.48,0.3529,MSS
TCGA-CM-6678-01,0.13,0.349,MSS
TCGA-CM-6679-01,0.16,0.3381,MSS
TCGA-CM-6680-01,1.17,0.4575,MSS
TCGA-D5-5537-01,0.42,0.3494,MSS
TCGA-D5-5538-01,0.4,0.3546,MSS
TCGA-D5-5539-01,0.38,0.3573,MSS
TCGA-D5-5540-01,0.88,0.3281,MSS
TCGA-D5-5541-01,0.51,0.328,MSS
TCGA-D5-6529-01,0.18,0.3658,MSS
TCGA-D5-6530-01,41.17,1.0856,MSI-H
TCGA-D5-6531-01,0.81,0.347,MSS
TCGA-D5-6532-01,0.62,0.3466,MSS
TCGA-D5-6533-01,0.52,0.3337,MSS
TCGA-D5-6534-01,0.04,0.3343,MSS
TCGA-D5-6535-01,0.28,0.343,MSS
TCGA-D5-6536-01,0.23,0.3522,MSS
TCGA-D5-6537-01,0.37,0.3503,MSS
TCGA-D5-6538-01,0.75,0.3432,MSS
TCGA-D5-6539-01,0.0,0.3265,MSS
TCGA-D5-6540-01,32.59,0.9984,MSI-H
TCGA-D5-6541-01,0.11,0.3319,MSS
TCGA-D5-6898-01,0.17,0.3407,MSS
TCGA-D5-6920-01,0.01,0.3434,MSS
TCGA-D5-6922-01,0.07,0.3579,MSS
TCGA-D5-6923-01,0.2,0.3476,MSS
TCGA-D5-6924-01,0.06,0.3409,MSS
TCGA-D5-6926-01,0.18,0.3496,MSS
TCGA-D5-6927-01,17.61,0.7283,MSI-H
TCGA-D5-6928-01,14.76,0.6559,MSI-H
TCGA-D5-6929-01,0.09,0.3524,MSS
TCGA-D5-6930-01,15.2,0.6864,MSI-H
TCGA-D5-6931-01,0.12,0.3574,MSS
TCGA-D5-6932-01,0.19,0.3444,MSS
TCGA-D5-7000-01,0.06,0.3496,MSS
TCGA-DM-A0X9-01,0.2,0.3503,MSS
TCGA-DM-A0XD-01,0.15,0.3301,MSS
TCGA-DM-A0XF-01,0.1,0.3334,MSS
TCGA-DM-A1D0-01,0.67,0.3358,MSS
TCGA-DM-A1D4-01,0.35,0.3544,MSS
TCGA-DM-A1D6-01,0.53,0.3534,MSS
TCGA-DM-A1D7-01,0.01,0.3316,MSS
TCGA-DM-A1D8-01,0.47,0.3468,MSS
TCGA-DM-A1D9-01,0.33,0.335,MSS
TCGA-DM-A1DA-01,2.42,0.3952,MSS
TCGA-DM-A1DB-01,0.25,0.3441,MSS
TCGA-DM-A1HA-01,1.46,0.3507,MSS
TCGA-DM-A1HB-01,27.61,1.0166,MSI-H
TCGA-DM-A280-01,0.01,0.3888,MSS
TCGA-DM-A282-01,0.03,0.3739,MSS
TCGA-DM-A285-01,0.13,0.3761,MSS
TCGA-DM-A288-01,0.31,0.3948,MSS
TCGA-DM-A28A-01,0.25,0.3995,MSS
TCGA-DM-A28C-01,0.08,0.3712,MSS
TCGA-DM-A28E-01,0.04,0.379,MSS
TCGA-DM-A28F-01,0.24,0.3791,MSS
TCGA-DM-A28G-01,0.01,0.3656,MSS
TCGA-DM-A28H-01,0.15,0.3898,MSS
TCGA-DM-A28K-01,0.05,0.397,MSS
TCGA-DM-A28M-01,0.13,0.3983,MSS
TCGA-F4-6459-01,0.31,0.3642,MSS
TCGA-F4-6460-01,0.24,0.3437,MSS
TCGA-F4-6461-01,0.23,0.3699,MSS
TCGA-F4-6463-01,0.14,0.3302,MSS
TCGA-F4-6569-01,0.06,0.3647,MSS
TCGA-F4-6570-01,31.81,0.9787,MSI-H
TCGA-F4-6703-01,1.0,0.4396,MSS
TCGA-F4-6704-01,0.06,0.3596,MSS
TCGA-F4-6805-01,0.03,0.3882,MSS
TCGA-F4-6806-01,0.1,0.3957,MSS
TCGA-F4-6807-01,0.0,0.3514,MSS
TCGA-F4-6808-01,0.12,0.3566,MSS
TCGA-F4-6809-01,0.02,0.3476,MSS
TCGA-F4-6854-01,0.1,0.3387,MSS
TCGA-F4-6855-01,0.03,0.3419,MSS
TCGA-F4-6856-01,27.56,0.8729,MSI-H
TCGA-F4-6857-01,,,
TCGA-G4-6293-01,0.28,0.3277,MSS
TCGA-G4-6294-01,1.01,0.3774,MSS
TCGA-G4-6295-01,0.24,0.3241,MSS
TCGA-G4-6297-01,0.14,0.3325,MSS
TCGA-G4-6298-01,0.31,0.3334,MSS
TCGA-G4-6299-01,0.88,0.3963,MSS
TCGA-G4-6302-01,3.04,0.4592,MSS
TCGA-G4-6303-01,0.5,0.359,MSS
TCGA-G4-6304-01,7.18,0.5676,MSS
TCGA-G4-6306-01,0.25,0.3415,MSS
TCGA-G4-6307-01,0.41,0.316,MSS
TCGA-G4-6309-01,26.62,0.9341,MSI-H
TCGA-G4-6310-01,,,
TCGA-G4-6311-01,0.19,0.3185,MSS
TCGA-G4-6314-01,,,
TCGA-G4-6315-01,0.25,0.3321,MSS
TCGA-G4-6317-01,0.89,0.3455,MSS
TCGA-G4-6320-01,14.97,0.5674,MSI-H
TCGA-G4-6321-01,0.18,0.3258,MSS
TCGA-G4-6322-01,0.14,0.3214,MSS
TCGA-G4-6323-01,0.42,0.3512,MSS
TCGA-G4-6586-01,33.57,1.0607,MSI-H
TCGA-G4-6588-01,34.69,1.0066,MSI-H
TCGA-G4-6625-01,,,
TCGA-G4-6626-01,0.39,0.349,MSS
TCGA-G4-6627-01,0.02,0.3582,MSS
TCGA-G4-6628-01,19.28,0.7863,MSI-H
TCGA-NH-A50T-01,0.31,0.2912,MSS
TCGA-NH-A50U-01,0.5,0.3425,MSS
TCGA-NH-A50V-01,0.32,0.2879,MSS
TCGA-NH-A5IV-01,41.02,1.2012,MSI-H
TCGA-NH-A6GA-01,1.07,0.3295,MSS
TCGA-NH-A6GB-01,0.31,0.3185,MSS
TCGA-NH-A6GC-01,0.73,0.3241,MSS
TCGA-NH-A8F7-01,0.36,0.3241,MSS
TCGA-NH-A8F8-01,0.23,0.3144,MSS
TCGA-QG-A5YV-01,0.0,0.2586,MSS
TCGA-QG-A5YW-01,0.47,0.2723,MSS
TCGA-QG-A5YX-01,0.18,0.304,MSS
TCGA-QG-A5Z1-01,0.03,0.2924,MSS
TCGA-QG-A5Z2-01,19.29,0.86,MSI-H
TCGA-QL-A97D-01,0.56,0.3204,MSS
TCGA-RU-A8FL-01,0.47,0.3417,MSS
TCGA-SS-A7HO-01,1.19,0.3318,MSS
TCGA-T9-A92H-01,0.4,0.317,MSS
TCGA-WS-AB45-01,24.48,0.6782,MSI-H
